Dilip Chawada,sw.il.niles.09@gmail.com
Ajit Verma,ajitverma123@gmail.com
Rohit Patel,rohitpatel1976@gmail.com
Bhavik ,bhavik1230@gmail.com
Mirror Patel,mirror.patel@gmail.com
Darshan Patel,vbdarsh@gmail.com
Sanvi Jagdish,sanvijagdish@gmail.com
Sejal Patel,sejalpatel9920@gmail.com
Piyush Desai,pj1437@gmail.com
Yogesh Pendharkar,yog.pendharkar@gmail.com
Adi Parekh,parekhadi11@gmail.com
Urvi Chawada,uchawada@gmail.com
